Motocicleta,Bicicleta - Bicicleta plus,Automóvil
Ann peya market antofagasta norte,Ann peya market antofagasta norte,Ann la chimba
Ann la chimba,Ann la chimba,Ann centro comercial pacífico
Ann antofagasta norte +$200,Ann antofagasta norte +$200,Ann antofagasta norte express
Ann centro comercial pacífico,Ann centro comercial pacífico,Ans peya market antofagasta sur
Ann antofagasta norte express,Ans peya market antofagasta sur,Ans antofagasta sur express
Ans peya market antofagasta sur,Ans mall plaza antofagasta,Ans enjoy antofagasta
Ans mall plaza antofagasta,Ans antofagasta sur express,Ans antofagasta sur +$200
Ans antofagasta sur express,Ans enjoy antofagasta,Ans mall plaza antofagasta
Ans enjoy antofagasta,Ans antofagasta sur +$200,Ann antofagasta norte +$200
Ans antofagasta sur +$200,Ann antofagasta norte express,Ann peya market antofagasta norte
