Motocicleta,Bicicleta -Bicicleta plus,Autom√≥vil
Ccp caminante cercanias mall,Ccp concepcion express,Snp san pedro express
Dep sp lomas coloradas,Ccp copec pedro de valdivia,Chg unimarc manquimavida
Cor mall arauco y plaza,Ccp peya market concepcion,Chg copec ohiggins
Tch talcahuano express,Ccp plaza de concepcion - bici/moto,Cor coronel express
Cor lagunillas,Cor mall arauco y plaza,Tch talcahuano colon
Chg unimarc manquimavida,Dep sp lomas coloradas,Cor mall arauco y plaza
Dep penco centro,Ccp mall plaza trebol,Tch talcahuano express
Ccp copec pedro de valdivia,Chg unimarc manquimavida,Tch el morro
Chg chiguayante express,Chg copec ohiggins,Cor lagunillas
Snp san pedro de la paz,Cor lagunillas,Snp san pedro de la paz
Ccp mall plaza trebol,Cor coronel express,Chg chiguayante express
Chg copec ohiggins,Tch talcahuano express,Tch talcahuano colon
Ccp plaza de concepcion - bici/moto,Dep penco centro,Ccp plaza de concepcion
Ccp peya market concepcion,Ccp concepcion +$200,Tch talcahuano express
Ccp concepcion +$200,Tch talcahuano colon,Tch el morro
Cor coronel express,Tch el morro,Chg unimarc manquimavida
Ccp concepcion express,Chg chiguayante express,Snp san pedro de la paz
Snp san pedro express,Snp san pedro de la paz,Snp san pedro express
Tch el morro,Snp san pedro express,Dep penco centro
Tch talcahuano colon,,Dep sp lomas coloradas
Snp san pedro express,Snp san pedro express,Chg chiguayante express
Chg unimarc manquimavida,Chg unimarc manquimavida,Cor coronel express
Chg copec ohiggins,Chg copec ohiggins,Cor mall arauco y plaza
Cor coronel express,Cor coronel express,Cor lagunillas
Tch talcahuano colon,Tch talcahuano colon,Ccp concepcion +$200
Cor mall arauco y plaza,Cor mall arauco y plaza,Ccp peya market concepcion
Tch talcahuano express,Tch talcahuano express,Ccp concepcion express
Tch el morro,Tch el morro,Ccp mall plaza trebol
Cor lagunillas,Cor lagunillas,Ccp copec pedro de valdivia
Snp san pedro de la paz,Snp san pedro de la paz,Chg copec ohiggins
Chg chiguayante express,Chg chiguayante express,
