Motocicleta,Bicicleta - Bicicleta plus,Autom칩vil
Coq coquimbo +$200,Coq coquimbo +$200,Coq coquimbo +$200
Coq santa isabel la herradura,Coq santa isabel la herradura,Coq santa isabel la herradura
Lse peya market la serena,Lse peya market la serena,Lse peya market la serena
Lse la serena +$200,Lse la serena +$200,Lse la serena +$200
Lse outlet pe침uelas,Lse outlet pe침uelas,Lse outlet pe침uelas
Lse mall plaza la serena,Lse mall plaza la serena,Lse mall plaza la serena
Lse lider el milagro,Lse lider el milagro,Lse lider el milagro
Lse la serena express,Lse la serena express,Lse la serena express
Coq arauco outlet la cantera,Coq arauco outlet la cantera,Coq arauco outlet la cantera
Coq mall vivo coquimbo,Coq mall vivo coquimbo,Coq mall vivo coquimbo
Coq coquimbo express,Coq coquimbo express,Coq coquimbo express