Motocicleta,Bicicleta - Bicicleta plus,Autom√≥vil
Ran peya market machali,Ran open plaza bici,Ran peya market machali
Ran estadio municipal machali,Ran rancagua +$200,Ran estadio municipal machali
Ran open plaza,Dep rancagua dia especial,Ran open plaza
Ran tottus machali,Ran machali express,Ran tottus machali
Mcd rancagua,Mcd machali,Mcd rancagua
Mcd machali,Ran estadio municipal machali,Mcd machali
Ran machali express,Ran tottus machali,Ran machali express
Dep rancagua dia especial,Mcd rancagua,Dep rancagua dia especial
Ran rancagua +$200,Ran peya market machali,Ran rancagua +$200
