MOTOCICLETA,BICICLETA / BICIPLUS,AUTOMOVIL,WALKER
Bel plaza nunoa auto moto,Bel plaza nunoa bici,Bel plaza nunoa auto moto,Plo caminante portal ñuñoa
Ccu mall vivo piedra roja auto moto,Con lider recoleta bici,Ccu mall vivo piedra roja auto moto,Smi peya market departamental caminante
Ccu mcdonalds lampa auto moto,Con pedro fontova norte bici,Ccu mcdonalds lampa auto moto,Sbe colon norte caminante
Ccu tottus chamisero auto moto,Ece estacion central bici,Ccu tottus chamisero auto moto,Vit plaza egana caminante
Cna cerro navia auto moto,Flo mall vivo outlet florida bici,Cna cerro navia auto moto,Vit mall alto las condes caminante
Con lider recoleta auto moto,Mai mall arauco maipu bici,Con lider recoleta auto moto,Vit portal lyon caminante
Con metro conchali auto moto,Mai mcdonalds pajaritos bici,Con metro conchali auto moto,null
Con pedro fontova norte 2 auto moto,Mai plaza maipu bici,Con pedro fontova norte 2 auto moto,null
Con pedro fontova norte auto moto,Pal mall plaza tobalaba bici,Con pedro fontova norte auto moto,null
Cruz verde cyber auto moto,Pal metro las mercedes bici,Cruz verde cyber auto moto,null
Flo florida mall plaza vespucio auto moto,Phu mid mall maipu bici,Flo florida mall plaza vespucio auto moto,null
Mai copec san pablo auto moto,Plo mall alto penalolen bici,Mai copec san pablo auto moto,null
Mai mall arauco maipu auto moto,Qna metro republica bici,Mai mall arauco maipu auto moto,null
Mai mall plaza oeste auto moto,Qui lider huechuraba bici,Mai mall plaza oeste auto moto,null
Mai plaza maipu auto moto,Qui mall arauco quilicura bici,Mai plaza maipu auto moto,null
Pal mall plaza tobalaba auto moto,Rec mall barrio independencia bici,Pal mall plaza tobalaba auto moto,null
Pal mcdonalds las vizcachas auto moto,Rec metro einstein bici,Pal mcdonalds las vizcachas auto moto,null
Pal metro las mercedes auto moto,Sbe plaza san bernardo bici,Pal metro las mercedes auto moto,null
Pal puente alto express global,Smi mcdonalds san miguel bici,Pal puente alto express global,null
Phu mcdonalds padre hurtado auto moto,Smi metro la cisterna bici,Phu mcdonalds padre hurtado auto moto,null
Phu mid mall maipu auto moto,Smi paseo franklin bici,Phu mid mall maipu auto moto,null
Phu padre hurtado alta demanda global,Vit metro principe de gales bici,Phu padre hurtado alta demanda global,null
Phu padre hurtado express global,Vit vitacura norte alto las condes bici,Phu padre hurtado express global,null
Phu petrobras ciudad satelite auto moto,Vit vitacura sur parque arauco bici,Phu petrobras ciudad satelite auto moto,null
Phu plaza monumento auto moto,Bel bellavista centro alta demanda global,Phu plaza monumento auto moto,null
Pin puente alto global,Bel bellavista centro express global,Pin puente alto global,null
Plo macul auto moto,Ccu arauco premium outlet buenaventura global,Plo macul auto moto,null
Plo mall alto penalolen auto moto,Ccu chicureo alta demanda global,Plo mall alto penalolen auto moto,null
Plo penalolen alta demanda global,Ccu chicureo express global,Plo penalolen alta demanda global,null
Plo penalolen express global,Ccu la montana global,Plo penalolen express global,null
Plo peya market penalolen global,Ccu valle grande global,Plo peya market penalolen global,null
Qna alameda metro republica auto moto,Con conchali alta demanda global,Qna alameda metro republica auto moto,null
Qna mcdonalds gral velasquez auto moto,Con conchali express global,Qna mcdonalds gral velasquez auto moto,null
Qna mcdonalds pajaritos auto moto,Flo florida express global,Qna mcdonalds pajaritos auto moto,null
Qna peya market estacion central global,Flo la florida alta demanda global,Qna peya market estacion central global,null
Qna quinta normal alta demanda global,Lba cantagallo global,Qna quinta normal alta demanda global,null
Qna quinta normal express global,Lba lo barnechea alta demanda global,Qna quinta normal express global,null
Qui mall arauco quilicura auto moto,Lba lo barnechea express global,Qui mall arauco quilicura auto moto,null
Qui mall plaza norte auto moto,Lba lo barnechea portal la dehesa global,Qui mall plaza norte auto moto,null
Qui quilicura alta demanda global,Lba mall vivo los trapenses global,Qui quilicura alta demanda global,null
Qui quilicura express global,Mai maipu alta demanda global,Qui quilicura express global,null
Rec mall barrio independencia auto moto,Mai maipu express global,Rec mall barrio independencia auto moto,null
Rec metro einstein auto moto,Mai peya market maipu global,Rec metro einstein auto moto,null
Rec peya market estacion central global,Man mall apumanque global,Rec peya market estacion central global,null
Rec recoleta alta demanda global,Nco colina global,Rec recoleta alta demanda global,null
Rec recoleta express global,Pal peya market la florida global,Rec recoleta express global,null
Sbe almte riveros san bernardo auto moto,Pal puente alto express global,Sbe almte riveros san bernardo auto moto,null
Sbe mall plaza sur auto moto,Phu padre hurtado alta demanda global,Sbe mall plaza sur auto moto,null
Sbe peya market san bernardo global,Phu padre hurtado express global,Sbe peya market san bernardo global,null
Sbe plaza san bernardo auto moto,Pin puente alto global,Sbe plaza san bernardo auto moto,null
Sbe san bernardo alta demanda global,Pin san bernardo global,Sbe san bernardo alta demanda global,null
Sbe san bernardo express global,Plo penalolen alta demanda global,Sbe san bernardo express global,null
Smi mcdonalds san miguel auto moto,Plo penalolen express global,Smi mcdonalds san miguel auto moto,null
Smi metro la cisterna auto moto,Plo peya market penalolen global,Smi metro la cisterna auto moto,null
Smi paseo franklin auto moto,Qna peya market estacion central global,Smi paseo franklin auto moto,null
Smi peya market san miguel global,Qna quinta normal alta demanda global,Smi peya market san miguel global,null
Smi san miguel alta demanda global,Qna quinta normal express global,Smi san miguel alta demanda global,null
Vit metro principe de gales auto moto,Qui quilicura express global,Vit metro principe de gales auto moto,null
Vit peya market la reina global,Rec peya market estacion central global,Vit peya market la reina global,null
Vit peya market manquehue global,Rec recoleta alta demanda global,Vit peya market manquehue global,null
Vit plaza los dominicos auto moto,Rec recoleta express global,Vit plaza los dominicos auto moto,null
Vit vitacura alta demanda global,Sbe peya market san bernardo global,Vit vitacura alta demanda global,null
Vit vitacura express global,Sbe san bernardo alta demanda global,Vit vitacura express global,null
Vit vitacura norte alto las condes auto moto,Sbe san bernardo express global,Vit vitacura norte alto las condes auto moto,null
Vit vitacura sur parque arauco auto moto,Smi peya market san miguel global,Vit vitacura sur parque arauco auto moto,null
Bel bellavista centro express global,Smi san miguel alta demanda global,Bel bellavista centro express global,null
Ccu arauco premium outlet buenaventura global,Smi san miguel express global,Ccu arauco premium outlet buenaventura global,null
Ccu chicureo express global,Vit peya market la reina global,Ccu chicureo express global,null
Ccu valle grande global,Vit peya market manquehue global,Ccu valle grande global,null
Flo la florida alta demanda global,Vit vitacura alta demanda global,Flo la florida alta demanda global,null
Lba cantagallo global,Vit vitacura express global,Lba cantagallo global,null
Lba lo barnechea alta demanda global,null,Lba lo barnechea alta demanda global,null
Lba lo barnechea portal la dehesa global,null,Lba lo barnechea portal la dehesa global,null
Lba mall vivo los trapenses global,null,Lba mall vivo los trapenses global,null
Mai peya market maipu global,null,Mai peya market maipu global,null
Man mall apumanque global,null,Man mall apumanque global,null
Nco colina global,null,Nco colina global,null
Pal peya market la florida global,null,Pal peya market la florida global,null
Bel bellavista centro alta demanda global,null,Bel bellavista centro alta demanda global,null
Bel peya market santiago centro global,null,Bel peya market santiago centro global,null
Ccu chicureo alta demanda global,null,Ccu chicureo alta demanda global,null
Ccu la montana global,null,Ccu la montana global,null
Con conchali alta demanda global,null,Con conchali alta demanda global,null
Con conchali express global,null,Con conchali express global,null
Flo florida express global,null,Flo florida express global,null
Lba lo barnechea express global,null,Lba lo barnechea express global,null
Mai maipu alta demanda global,null,Mai maipu alta demanda global,null
Mai maipu express global,null,Mai maipu express global,null
Rec renca moto auto,null,Rec renca moto auto,null
Smi san miguel express global,Qui quilicura alta demanda global,Smi san miguel express global,null
Pin san bernardo global,Bel peya market santiago centro global,Pin san bernardo global,null
Flo mall vivo outlet florida auto moto,Plo macul bici,Flo mall vivo outlet florida auto moto,null
Cer mall plaza oeste cerrillos auto moto,Flo florida mall plaza vespucio bici,Cer mall plaza oeste cerrillos auto moto,Vit parque arauco caminante
Ccu boulevard los ingleses auto moto,Cna cerro navia bici,Ccu boulevard los ingleses auto moto,Smi portal el llano caminante
Bel metro los leones auto moto,Bel metro los leones bici,Bel metro los leones auto moto,Plo mall plaza vespucio caminante
Bel bellavista centro auto moto,Bel bellavista centro bici,Bel bellavista centro auto moto,Bel barrio san isidro caminante
