MOTOCICLETA,BICICLETA / BICIPLUS,AUTOMOVIL
CCU Chicureo Alta Demanda,-,CCU Chicureo Alta Demanda
CON Conchali Alta Demanda,CON Conchali Alta Demanda,CON Conchali Alta Demanda
CON Conchali Express,CON Conchali Express,CON Conchali Express
MAI Copec San Pablo,-,MAI Copec San Pablo
VIT PeYa Market Las Condes,VIT PeYa Market Las Condes,VIT PeYa Market Las Condes
VIT Peya market manquehue,VIT Peya market manquehue,VIT Peya market manquehue
FLO Florida - Mall Plaza Vespucio,FLO Florida bici - Mall Plaza Vespucio,FLO Florida - Mall Plaza Vespucio
FLO Florida Express,FLO Florida Express,FLO Florida Express
FLO La Florida Alta Demanda,FLO La Florida Alta Demanda,FLO La Florida Alta Demanda
LBA Lo Barnechea Alta Demanda,LBA Lo Barnechea Alta Demanda,LBA Lo Barnechea Alta Demanda
MAI Maipu Alta Demanda,MAI Maipu Alta Demanda,MAI Maipu Alta Demanda
REC Recoleta Alta Demanda,REC Recoleta Alta Demanda,REC Recoleta Alta Demanda
VIT Vitacura Alta Demanda,VIT Vitacura Alta Demanda,VIT Vitacura Alta Demanda
PAL Metro Las Mercedes,PAL Metro Las Mercedes Bici,PAL Metro Las Mercedes
LBA Lo Barnechea - Portal La Dehesa,LBA Lo Barnechea - Portal La Dehesa,LBA Lo Barnechea - Portal La Dehesa
LBA Lo Barnechea Express,LBA Lo Barnechea Express,LBA Lo Barnechea Express
MAI Maipu Express,MAI Maipu Express,MAI Maipu Express
PAL Puente Alto Express,PAL Puente Alto Express,PAL Puente Alto Express
REC Recoleta Express,REC Recoleta Express,REC Recoleta Express
VIT Vitacura Express,VIT Vitacura Express,VIT Vitacura Express
MAN Mall Apumanque,MAN Mall Apumanque,MAN Mall Apumanque
MAI Mall Arauco Maipu,MAI Mall Arauco Maipu bici,MAI Mall Arauco Maipu
REC Mall Barrio Independencia,REC Mall Barrio Independencia Bici,REC Mall Barrio Independencia
PAL Mall Plaza Tobalaba,PAL Mall Plaza Tobalaba bici,PAL Mall Plaza Tobalaba
LBA Mall Vivo Los Trapenses,LBA Mall Vivo Los Trapenses,LBA Mall Vivo Los Trapenses
FLO Mall Vivo Outlet Florida,FLO Mall Vivo Outlet Florida,FLO Mall Vivo Outlet Florida
CCU Mcdonalds Lampa,-,CCU Mcdonalds Lampa
REC Metro Einstein,REC Metro Einstein bici,REC Metro Einstein
PHU Mid Mall Maipu,PHU Mid Mall Maipu bici,PHU Mid Mall Maipu
VIT Plaza Los Dominicos,-,VIT Plaza Los Dominicos
MAI Plaza Maipu,MAI Plaza Maipu bici,MAI Plaza Maipu
VIT Metro Principe De Gales,VIT Metro Principe De Gales bici,VIT Metro Principe De Gales
CON Lider Recoleta,CON Lider Recoleta bici,CON Lider Recoleta
CON Pedro Fontova Norte .,CON Pedro Fontova Norte bici,CON Pedro Fontova Norte
CCU Tottus Chamisero,-,CCU Tottus Chamisero
VIT Vitacura Norte - Alto Las Condes,VIT Vitacura Norte Bici - Alto Las Condes,VIT Vitacura Norte - Alto Las Condes
VIT Vitacura Sur - Parque Arauco,VIT Vitacura Sur Bici - Parque Arauco,VIT Vitacura Sur - Parque Arauco
QNA Alameda - Metro Republica,QNA Alameda Bici - Metro Republica,QNA Alameda - Metro Republica
SBE Almte Riveros San Bernardo,-,-
CCU Arauco Premium Outlet Buenaventura,CCU Arauco Premium Outlet Buenaventura,CCU Arauco Premium Outlet Buenaventura
BEL Bellavista Centro,BEL Bellavista Centro Bici,BEL Bellavista Centro
BEL Bellavista Centro Alta Demanda,BEL Bellavista Centro Alta Demanda,BEL Bellavista Centro Alta Demanda
BEL Bellavista Centro Express,BEL Bellavista Centro Express,BEL Bellavista Centro Express
CCU La Montana Alta Demanda,CCU La Montana Alta Demanda,CCU La Montana Alta Demanda
QNA PeYa Market Estacion Central,QNA PeYa Market Estacion Central,QNA PeYa Market Estacion Central
PAL PeYa Market La Florida,PAL PeYa Market La Florida,PAL PeYa Market La Florida
MAI PeYa Market Maipu,MAI PeYa Market Maipu,MAI PeYa Market Maipu
PLO PeYa Market Penalolen,PLO PeYa Market Penalolen,PLO PeYa Market Penalolen
SBE PeYa Market San Bernardo,SBE PeYa Market San Bernardo,SBE PeYa Market San Bernardo
SMI PeYa Market San Miguel,SMI PeYa Market San Miguel,SMI PeYa Market San Miguel
BEL PeYa Market Santiago Centro,BEL PeYa Market Santiago Centro,BEL PeYa Market Santiago Centro
QNA Mcdonald´s General Velasquez,-,QNA Mcdonald´s General Velasquez
SMI Metro La Cisterna,SMI Metro La Cisterna Bici,SMI Metro La Cisterna
CCU La Montana Express,CCU La Montana Express,CCU La Montana Express
PLO Macul,PLO Macul Bici,PLO Macul
-,ECE Estacion Central Bici,-
QUI Mall Arauco Quilicura,QUI Mall Arauco Quilicura Bici,-
SBE Mall Plaza Sur,-,-
QNA Mcdonalds Pajaritos,MAI Mcdonalds Pajaritos Bici,QNA Mcdonalds Pajaritos
SMI Mcdonald's San Miguel,SMI Mcdonalds San Miguel Bici,-
PHU Padre Hurtado Alta Demanda,PHU Padre Hurtado Alta Demanda,PHU Padre Hurtado Alta Demanda
PHU Padre Hurtado Express,PHU Padre Hurtado Express,PHU Padre Hurtado Express
PHU Mcdonalds Padre Hurtado,-,PHU Mcdonalds Padre Hurtado
SMI Paseo Franklin,SMI Paseo Franklin Bici,SMI Paseo Franklin
CCU Paseo La Montana,CCU Paseo La Montana,CCU Paseo La Montana
PLO Mall Alto Penalolen,PLO Mall Alto Penalolen Bici,PLO Mall Alto Penalolen
PLO Penalolen Express,PLO Penalolen Express,PLO Penalolen Express
PLO Penalolen Alta Demanda,PLO Penalolen Alta Demanda,PLO Penalolen Alta Demanda
BEL Plaza Nunoa,BEL Plaza Nunoa Bici,BEL Plaza Nunoa
BEL Providencia - Metro Los Leones,BEL Providencia Bici - Metro Los Leones,BEL Providencia - Metro Los Leones
CCU Valle Grande,CCU Valle Grande,CCU Valle Grande
SMI San Miguel Alta Demanda,SMI San Miguel Alta Demanda,SMI San Miguel Alta Demanda
SBE San Bernardo Express,SBE San Bernardo Express,-
SMI San Miguel Express,SMI San Miguel Express,SMI San Miguel Express
QUI Quilicura Alta Demanda,QUI Quilicura Alta Demanda,-
QUI Quilicura Express,QUI Quilicura Express,-
QNA Quinta Normal Alta Demanda,QNA Quinta Normal Alta Demanda,QNA Quinta Normal Alta Demanda
QNA Quinta Normal Express,QNA Quinta Normal Express,QNA Quinta Normal Express
SBE San Bernardo Alta Demanda,SBE San Bernardo Alta Demanda,-
SBE Plaza San Bernardo,SBE Plaza San Bernardo Bici,-
PHU Petrobras Ciudad Satelite,-,PHU Petrobras Ciudad Satelite
PHU Plaza Monumento,-,PHU Plaza Monumento
CER Mall Plaza Oeste Cerrillos,CER Mall Plaza Oeste Cerrillos,CER Mall Plaza Oeste Cerrillos
QUI Mall Plaza Norte,QUI Lider Huechuraba Bici,-
CNA Cerro Navia,CNA Cerro Navia Bici,CNA Cerro Navia
PAL Mcdonalds Las Vizcachas,-,PAL Mcdonalds Las Vizcachas
Rec peya market estacion central,Rec peya market estacion central,Rec peya market estacion central
Con metro conchali,-,Con metro conchali
Pin san bernardo,-,Pin san bernardo
Pin puente alto,-,Pin puente alto
Nco Colina,Nco Colina,Nco Colina
MAI Mall Plaza Oeste,-,MAI Mall Plaza Oeste
CCU Mall Vivo Piedra Roja,-,CCU Mall Vivo Piedra Roja
PAL Puente Alto Alta Demanda,PAL Puente Alto Alta Demanda,PAL Puente Alto Alta Demanda
VIT PeYa Market La Reina,VIT PeYa Market La Reina,VIT PeYa Market La Reina
CCU Chicureo Express,-,CCU Chicureo Express
LBA Cantagallo,LBA Cantagallo,LBA Cantagallo
CCU Boulevard Los Ingleses,-,CCU Boulevard Los Ingleses