Vehículo,"Ciudad ",Sps
Automovil,Vina del Mar,Pci arauco outlet curauma global
Automovil,Vina del Mar,Qva quilpue villa alemana express global
Automovil,Vina del Mar,Qva portal el belloto global
Automovil,Vina del Mar,Qva peya market quilpue global
Automovil,Vina del Mar,Ren mcdonalds renaca global
Automovil,Vina del Mar,Ren plaza las sirenas concon global
Automovil,Vina del Mar,Ren renaca concon express global
Automovil,Vina del Mar,Ren plaza patricio lynch concon global
Automovil,Vina del Mar,Ren open plaza santa julia global
Automovil,Vina del Mar,Vlp placeres global
Automovil,Vina del Mar,Vlp plaza sotomayor global
Automovil,Vina del Mar,Vlp mall paseo ross global
Automovil,Vina del Mar,Vin vina del mar express global
Automovil,Vina del Mar,Vin avenida libertad global
Automovil,Vina del Mar,Vin vina del mar +$200 global
Motocicleta,Vina del Mar,Pci mcdonalds placilla global
Motocicleta,Vina del Mar,Pci arauco outlet curauma global
Motocicleta,Vina del Mar,Qva mall plaza del sol quilpue global
Motocicleta,Vina del Mar,Qva quilpue villa alemana express global
Motocicleta,Vina del Mar,Qva portal el belloto global
Motocicleta,Vina del Mar,Qva peya market quilpue global
Motocicleta,Vina del Mar,Qva municipalidad de villa alemana global
Motocicleta,Vina del Mar,Ren mcdonalds renaca global
Motocicleta,Vina del Mar,Ren plaza las sirenas concon global
Motocicleta,Vina del Mar,Ren renaca concon express global
Motocicleta,Vina del Mar,Ren plaza patricio lynch concon global
Motocicleta,Vina del Mar,Vlp placeres global
Motocicleta,Vina del Mar,Vlp plaza sotomayor global
Motocicleta,Vina del Mar,Vlp valparaiso express global
Motocicleta,Vina del Mar,Vlp mall paseo ross global
Motocicleta,Vina del Mar,Vin vina del mar express global
Motocicleta,Vina del Mar,Vin avenida libertad global
Motocicleta,Vina del Mar,Vin vina del mar +$200 global
Bicicleta,Vina del Mar,Pci mcdonalds placilla global
Bicicleta,Vina del Mar,Pci arauco outlet curauma global
Bicicleta,Vina del Mar,Qva mall plaza del sol quilpue global
Bicicleta,Vina del Mar,Qva quilpue villa alemana express global
Bicicleta,Vina del Mar,Qva portal el belloto global
Bicicleta,Vina del Mar,Qva peya market quilpue global
Bicicleta,Vina del Mar,Qva municipalidad de villa alemana global
Bicicleta,Vina del Mar,Ren mcdonalds renaca global
Bicicleta,Vina del Mar,Ren plaza las sirenas concon global
Bicicleta,Vina del Mar,Ren renaca concon express global
Bicicleta,Vina del Mar,Ren plaza patricio lynch concon global
Bicicleta,Vina del Mar,Ren open plaza santa julia global
Bicicleta,Vina del Mar,Vlp placeres global
Bicicleta,Vina del Mar,Vlp plaza sotomayor global
Bicicleta,Vina del Mar,Vlp valparaiso express global
Bicicleta,Vina del Mar,Vlp mall paseo ross global
Bicicleta,Vina del Mar,Vin vina del mar express global
Bicicleta,Vina del Mar,Vin avenida libertad global
Bicicleta,Vina del Mar,Vin vina del mar +$200 global
Bicicleta,Vina del Mar,Vin avenida libertad bici
Motocicleta,Vina del Mar,Ren open plaza santa julia global
Automovil,Vina del Mar,Vlp valparaiso express global
Automovil,Vina del Mar,Qva municipalidad de villa alemana global
Automovil,Vina del Mar,Qva mall plaza del sol quilpue global
Automovil,Vina del Mar,Pci mcdonalds placilla global
Walker,Vina del Mar,Vin costanera caminante